Carnet,DPI,Nombre,Carrera,Password,Creditos,Edad,Correo
201700886,3502451230508,Emilia Miramontes,Ingeniera en Ciencias y Sistemas,roxodiciqi,205,21,nicols36@hotmail.com
201501786,7249529279753,Juan Curiel,Ingeniera Industrial,zanolexima,245,24,jernimo.caballero@yahoo.com
201822186,9298434863898,Eloisa Rincn,Ingeniera Civil,toqelijanu,95,19,carolinaelizondo85@yahoo.com
201901425,413176612,Bernardo Hinojosa,Ingeniera Mecnica,wosopumano,100,20,alfonso03@hotmail.com
201503186,8549191766348,Manuel Manzanares,Ingeniera Elctrica,rejumudore,226,24,benitoarmas92@gmail.com
201123146,9616636155254,Julia Corona,Ingeniera Electrnica,xojobavuji,237,26,ngela.solorio86@yahoo.com
201704186,4778315315575,Berta Carrasco,Ingeniera Ambiental,gayahizatu,210,22,carmen.montenegro@yahoo.com
202000786,7382344774121,Lola Delapaz,Ingeniera Qumica,hujocikimi,45,19,adriana56@gmail.com
201611446,2511893949443,Sonia Arteaga,Ingeniera Mecánica Industrial,rezutafila,195,23,esperanza.meza41@hotmail.com
201819852,3423442386382,Benjamín Asencio,Ingeniera Mecnica Elctrica,runoqozepo,117,20,horacio.tejada15@yahoo.com
202000001,8549191766348,Manuel Manzanares,Ingeniera Elctrica,rejumudore,226,24,benitoarmas92@gmail.com
202000002,8549191766348,Manuel Manzanares,Ingeniera Elctrica,rejumudore,226,24,benitoarmas92@gmail.com
202000003,8549191766348,Manuel Manzanares,Ingeniera Elctrica,rejumudore,226,24,benitoarmas92@gmail.com
202000004,8549191766348,Manuel Manzanares,Ingeniera Elctrica,rejumudore,226,24,benitoarmas92@gmail.com
202000005,8549191766348,Manuel Manzanares,Ingeniera Elctrica,rejumudore,226,24,benitoarmas92@gmail.com
202000006,8549191766348,Manuel Manzanares,Ingeniera Elctrica,rejumudore,226,24,benitoarmas92@gmail.com
202000007,8549191766348,Manuel Manzanares,Ingeniera Elctrica,rejumudore,226,24,benitoarmas92@gmail.com
202000008,8549191766348,Manuel Manzanares,Ingeniera Elctrica,rejumudore,226,24,benitoarmas92@gmail.com
202000009,8549191766348,Manuel Manzanares,Ingeniera Elctrica,rejumudore,226,24,benitoarmas92@gmail.com
202000010,8549191766348,Manuel Manzanares,Ingeniera Elctrica,rejumudore,226,24,benitoarmas92@gmail.com
202000011,8549191766348,Manuel Manzanares,Ingeniera Elctrica,rejumudore,226,24,benitoarmas92@gmail.com
202000012,8549191766348,Manuel Manzanares,Ingeniera Elctrica,rejumudore,226,24,benitoarmas92@gmail.com
202000013,8549191766348,Manuel Manzanares,Ingeniera Elctrica,rejumudore,226,24,benitoarmas92@gmail.com
202000014,8549191766348,Manuel Manzanares,Ingeniera Elctrica,rejumudore,226,24,benitoarmas92@gmail.com
202000015,8549191766348,Manuel Manzanares,Ingeniera Elctrica,rejumudore,226,24,benitoarmas92@gmail.com
202000027,8549191766348,Manuel Manzanares,Ingeniera Elctrica,rejumudore,226,24,benitoarmas92@gmail.com
202000028,8549191766348,Manuel Manzanares,Ingeniera Elctrica,rejumudore,226,24,benitoarmas92@gmail.com
202000029,8549191766348,Manuel Manzanares,Ingeniera Elctrica,rejumudore,226,24,benitoarmas92@gmail.com
202000030,8549191766348,Manuel Manzanares,Ingeniera Elctrica,rejumudore,226,24,benitoarmas92@gmail.com
202000031,8549191766348,Manuel Manzanares,Ingeniera Elctrica,rejumudore,226,24,benitoarmas92@gmail.com
202000032,8549191766348,Manuel Manzanares,Ingeniera Elctrica,rejumudore,226,24,benitoarmas92@gmail.com
202000033,8549191766348,Manuel Manzanares,Ingeniera Elctrica,rejumudore,226,24,benitoarmas92@gmail.com
202000304,8549191766348,Manuel Manzanares,Ingeniera Elctrica,rejumudore,226,24,benitoarmas92@gmail.com
202000035,8549191766348,Manuel Manzanares,Ingeniera Elctrica,rejumudore,226,24,benitoarmas92@gmail.com
202000036,8549191766348,Manuel Manzanares,Ingeniera Elctrica,rejumudore,226,24,benitoarmas92@gmail.com
202000037,8549191766348,Manuel Manzanares,Ingeniera Elctrica,rejumudore,226,24,benitoarmas92@gmail.com
202000038,8549191766348,Manuel Manzanares,Ingeniera Elctrica,rejumudore,226,24,benitoarmas92@gmail.com
202000039,8549191766348,Manuel Manzanares,Ingeniera Elctrica,rejumudore,226,24,benitoarmas92@gmail.com
202000040,8549191766348,Manuel Manzanares,Ingeniera Elctrica,rejumudore,226,24,benitoarmas92@gmail.com
202000041,8549191766348,Manuel Manzanares,Ingeniera Elctrica,rejumudore,226,24,benitoarmas92@gmail.com
202000042,8549191766348,Manuel Manzanares,Ingeniera Elctrica,rejumudore,226,24,benitoarmas92@gmail.com
200200043,8549191766348,Manuel Manzanares,Ingeniera Elctrica,rejumudore,226,24,benitoarmas92@gmail.com
202000044,8549191766348,Manuel Manzanares,Ingeniera Elctrica,rejumudore,226,24,benitoarmas92@gmail.com
202000045,8549191766348,Manuel Manzanares,Ingeniera Elctrica,rejumudore,226,24,benitoarmas92@gmail.com
202000046,8549191766348,Manuel Manzanares,Ingeniera Elctrica,rejumudore,226,24,benitoarmas92@gmail.com
202000047,8549191766348,Manuel Manzanares,Ingeniera Elctrica,rejumudore,226,24,benitoarmas92@gmail.com
202000408,8549191766348,Manuel Manzanares,Ingeniera Elctrica,rejumudore,226,24,benitoarmas92@gmail.com
200200049,8549191766348,Manuel Manzanares,Ingeniera Elctrica,rejumudore,226,24,benitoarmas92@gmail.com
200200050,8549191766348,Manuel Manzanares,Ingeniera Elctrica,rejumudore,226,24,benitoarmas92@gmail.com
202000051,8549191766348,Manuel Manzanares,Ingeniera Elctrica,rejumudore,226,24,benitoarmas92@gmail.com
202000052,8549191766348,Manuel Manzanares,Ingeniera Elctrica,rejumudore,226,24,benitoarmas92@gmail.com
202000053,8549191766348,Manuel Manzanares,Ingeniera Elctrica,rejumudore,226,24,benitoarmas92@gmail.com
202000054,8549191766348,Manuel Manzanares,Ingeniera Elctrica,rejumudore,226,24,benitoarmas92@gmail.com
202000505,8549191766348,Manuel Manzanares,Ingeniera Elctrica,rejumudore,226,24,benitoarmas92@gmail.com
202000560,8549191766348,Manuel Manzanares,Ingeniera Elctrica,rejumudore,226,24,benitoarmas92@gmail.com
200200057,8549191766348,Manuel Manzanares,Ingeniera Elctrica,rejumudore,226,24,benitoarmas92@gmail.com
200200058,8549191766348,Manuel Manzanares,Ingeniera Elctrica,rejumudore,226,24,benitoarmas92@gmail.com
202000059,8549191766348,Manuel Manzanares,Ingeniera Elctrica,rejumudore,226,24,benitoarmas92@gmail.com
202000060,8549191766348,Manuel Manzanares,Ingeniera Elctrica,rejumudore,226,24,benitoarmas92@gmail.com
202000061,8549191766348,Manuel Manzanares,Ingeniera Elctrica,rejumudore,226,24,benitoarmas92@gmail.com
202000062,8549191766348,Manuel Manzanares,Ingeniera Elctrica,rejumudore,226,24,benitoarmas92@gmail.com
202000603,8549191766348,Manuel Manzanares,Ingeniera Elctrica,rejumudore,226,24,benitoarmas92@gmail.com
200200064,8549191766348,Manuel Manzanares,Ingeniera Elctrica,rejumudore,226,24,benitoarmas92@gmail.com
200200065,8549191766348,Manuel Manzanares,Ingeniera Elctrica,rejumudore,226,24,benitoarmas92@gmail.com
202000066,8549191766348,Manuel Manzanares,Ingeniera Elctrica,rejumudore,226,24,benitoarmas92@gmail.com
202000067,8549191766348,Manuel Manzanares,Ingeniera Elctrica,rejumudore,226,24,benitoarmas92@gmail.com
202000068,8549191766348,Manuel Manzanares,Ingeniera Elctrica,rejumudore,226,24,benitoarmas92@gmail.com
202000069,8549191766348,Manuel Manzanares,Ingeniera Elctrica,rejumudore,226,24,benitoarmas92@gmail.com
202000700,8549191766348,Manuel Manzanares,Ingeniera Elctrica,rejumudore,226,24,benitoarmas92@gmail.com
202000710,8549191766348,Manuel Manzanares,Ingeniera Elctrica,rejumudore,226,24,benitoarmas92@gmail.com
200200072,8549191766348,Manuel Manzanares,Ingeniera Elctrica,rejumudore,226,24,benitoarmas92@gmail.com
200200073,8549191766348,Manuel Manzanares,Ingeniera Elctrica,rejumudore,226,24,benitoarmas92@gmail.com
202000074,8549191766348,Manuel Manzanares,Ingeniera Elctrica,rejumudore,226,24,benitoarmas92@gmail.com
202000075,8549191766348,Manuel Manzanares,Ingeniera Elctrica,rejumudore,226,24,benitoarmas92@gmail.com
202000076,8549191766348,Manuel Manzanares,Ingeniera Elctrica,rejumudore,226,24,benitoarmas92@gmail.com
202000077,8549191766348,Manuel Manzanares,Ingeniera Elctrica,rejumudore,226,24,benitoarmas92@gmail.com
202000708,8549191766348,Manuel Manzanares,Ingeniera Elctrica,rejumudore,226,24,benitoarmas92@gmail.com
202000790,8549191766348,Manuel Manzanares,Ingeniera Elctrica,rejumudore,226,24,benitoarmas92@gmail.com
200200080,8549191766348,Manuel Manzanares,Ingeniera Elctrica,rejumudore,226,24,benitoarmas92@gmail.com
202000081,8549191766348,Manuel Manzanares,Ingeniera Elctrica,rejumudore,226,24,benitoarmas92@gmail.com
202000082,8549191766348,Manuel Manzanares,Ingeniera Elctrica,rejumudore,226,24,benitoarmas92@gmail.com
202000083,8549191766348,Manuel Manzanares,Ingeniera Elctrica,rejumudore,226,24,benitoarmas92@gmail.com
202000084,8549191766348,Manuel Manzanares,Ingeniera Elctrica,rejumudore,226,24,benitoarmas92@gmail.com
202000805,8549191766348,Manuel Manzanares,Ingeniera Elctrica,rejumudore,226,24,benitoarmas92@gmail.com
200200086,8549191766348,Manuel Manzanares,Ingeniera Elctrica,rejumudore,226,24,benitoarmas92@gmail.com
202000087,7382344774121,Lola Delapaz,Ingeniera Qumica,hujocikimi,45,19,adriana56@gmail.com
202000088,7382344774121,Lola Delapaz,Ingeniera Qumica,hujocikimi,45,19,adriana56@gmail.com
202000089,7382344774121,Lola Delapaz,Ingeniera Qumica,hujocikimi,45,19,adriana56@gmail.com
202000090,7382344774121,Lola Delapaz,Ingeniera Qumica,hujocikimi,45,19,adriana56@gmail.com
202000091,7382344774121,Lola Delapaz,Ingeniera Qumica,hujocikimi,45,19,adriana56@gmail.com
202000092,7382344774121,Lola Delapaz,Ingeniera Qumica,hujocikimi,45,19,adriana56@gmail.com
202000093,7382344774121,Lola Delapaz,Ingeniera Qumica,hujocikimi,45,19,adriana56@gmail.com
202000904,7382344774121,Lola Delapaz,Ingeniera Qumica,hujocikimi,45,19,adriana56@gmail.com
202000950,7382344774121,Lola Delapaz,Ingeniera Qumica,hujocikimi,45,19,adriana56@gmail.com
202000096,7382344774121,Lola Delapaz,Ingeniera Qumica,hujocikimi,45,19,adriana56@gmail.com
202000097,7382344774121,Lola Delapaz,Ingeniera Qumica,hujocikimi,45,19,adriana56@gmail.com
202000908,7382344774121,Lola Delapaz,Ingeniera Qumica,hujocikimi,45,19,adriana56@gmail.com
202000099,7382344774121,Lola Delapaz,Ingeniera Qumica,hujocikimi,45,19,adriana56@gmail.com
202000100,7382344774121,Lola Delapaz,Ingeniera Qumica,hujocikimi,45,19,adriana56@gmail.com